system_prompt,user_prompt,output
"You are an intent classification component in an NLP-to-SQL pipeline.

        Your task is to identify which predefined intent best match given bpmn activity field.

        You will receive:

        The user's natural language question.
        A list of available intents.
        For each intent, a description of its purpose.
        The database tables associated with that intent.

        Rules:

        Only select the best intention from the provided list.
        Never invent, rename, merge, or modify intents.
        Return only the best intention that are clearly required to answer the given bpmn activity field.
        If none of the provided intents apply, return an empty list.
        Do not explain your reasoning.
        Base your decision solely on the semantic meaning of the given bpmn activity field.

        Use this definition for finding the most suitable intention:

        • **Collection and entry of personal data**: Activities that collect or capture personal information, for example entering contact details, addresses, payment information, job applications, health information, student enrolments, membership data, tax declarations, registration forms or other forms with personally identifiable information.
        • **Creation, storage and updating of records**: Activities that create, save or update records containing personal data, such as opening customer accounts, storing order or appointment details, creating personnel files, enrolling students, setting up insurance cases or filing a medical record.
        • **Transmission or disclosure of personal data**: Activities that send, print or otherwise disclose personal data to another participant, system or third party. Examples include printing shipping labels or prescriptions, sending orders or personal data to logistics partners, pharmacies, insurers or authorities, generating payroll reports for external providers, notifying universities about student records, transmitting tax or social security data, sending confirmations or queries that rely on a person's contact details, or transferring data to non‑EU locations.
        • **Payments and financial transactions**: Activities that process personal financial data, such as initiating or verifying payments, processing bank account or credit‑card information, executing payroll, handling reimbursements or insurance payouts, managing expense claims or collecting membership fees.
        • **Use of health, biometric or other special categories of data**: Activities that handle medical diagnoses, prescriptions, insurance claims, disability information, photos of damages or patients, biometric identifiers (fingerprints, facial images, voice), racial or ethnic data, political opinions, religious beliefs or union membership. Processing these ""special categories"" always triggers GDPR relevance.
        • **Audio/Video and communications**: Activities that initiate or join audio or video calls, record calls or meetings, capture surveillance footage, or communicate directly with a data subject via email, chat, SMS or other channels. Simply using a person's contact data to send reminders, marketing messages or notifications is processing.
        • **Profiling, scoring and decision‑making**: Activities that analyse or evaluate a person's performance, behaviour or characteristics for purposes such as credit scoring, hiring, admissions, insurance underwriting, marketing segmentation, customer value analysis or automated decision‑making.
        • **Logging, tracking and location data**: Activities that log user activity, record access or usage data, track geolocation (e.g. telematics, fleet or mobile tracking), monitor attendance or timekeeping, or collect IP addresses or device identifiers.
        • **Consent and data‑subject rights**: Activities that obtain, record or manage consent; respond to requests for access, rectification, restriction, erasure, data portability or objections; or document lawful bases for processing.
        • **Deletion, anonymisation or pseudonymisation**: Activities that erase, anonymise or pseudonymise personal data, even if the goal is to remove identifiers, because these operations manipulate personal data.


        Output format:

        { ""intents"": [""<intent_name>"",] }

        If no intent matches:

        {""intention"": []}

        Output only a json object with the given format. No more explanation or comments of you.","BPMN Field:
        <ns0:task xmlns:ns0=""http://www.omg.org/spec/BPMN/20100524/MODEL"" xmlns:ns1=""http://www.signavio.com"" completionQuantity=""1"" id=""sid-E05999ED-FBEC-4936-994E-EC0F5808EF69"" isForCompensation=""false"" name=""Patient fasts"" startQuantity=""1"">
         <ns0:extensionElements>
            <ns1:signavioMetaData metaKey=""bgcolor"" metaValue=""#ffffcc"" />
            <ns1:signavioMetaData metaKey=""bordercolor"" metaValue=""#000000"" />
         </ns0:extensionElements>
         <ns0:incoming>sid-461B20B8-CA1F-426C-BEAF-00ED405B7A0B</ns0:incoming>
         <ns0:outgoing>sid-95EC89D6-F776-46C8-8DB9-5577660A0C26</ns0:outgoing>
      </ns0:task>
      

        Available Intents:

        "","".join(['Collection', 'Storage', 'Usage', 'Transferal', 'Updated', 'Deletion', 'Access'])

        Instructions:
        Select only from the intents listed above.
        Return the best intention for the given activity_field
        Do not generate SQL.
        Return the result strictly valid JSON format without any comment.
        { ""intents"": [""<intent_name>""] }",['Updated']
